Job Role,Job Description,CV File Path,Cover Letter File Path
Sales Executive,This is a generic job description for Sales Executive.,CVs/CV_1.txt,Cover_Letters/Cover_Letter_1.txt
Sales Executive,This is a generic job description for Sales Executive.,CVs/CV_2.txt,Cover_Letters/Cover_Letter_2.txt
Operations Manager,This is a generic job description for Operations Manager.,CVs/CV_3.txt,Cover_Letters/Cover_Letter_3.txt
Graphic Designer,This is a generic job description for Graphic Designer.,CVs/CV_4.txt,Cover_Letters/Cover_Letter_4.txt
HR Specialist,This is a generic job description for HR Specialist.,CVs/CV_5.txt,Cover_Letters/Cover_Letter_5.txt
Software Engineer,This is a generic job description for Software Engineer.,CVs/CV_6.txt,Cover_Letters/Cover_Letter_6.txt
Sales Executive,This is a generic job description for Sales Executive.,CVs/CV_7.txt,Cover_Letters/Cover_Letter_7.txt
Marketing Manager,This is a generic job description for Marketing Manager.,CVs/CV_8.txt,Cover_Letters/Cover_Letter_8.txt
Sales Executive,This is a generic job description for Sales Executive.,CVs/CV_9.txt,Cover_Letters/Cover_Letter_9.txt
Software Engineer,This is a generic job description for Software Engineer.,CVs/CV_10.txt,Cover_Letters/Cover_Letter_10.txt
Sales Executive,This is a generic job description for Sales Executive.,CVs/CV_11.txt,Cover_Letters/Cover_Letter_11.txt
Marketing Manager,This is a generic job description for Marketing Manager.,CVs/CV_12.txt,Cover_Letters/Cover_Letter_12.txt
Operations Manager,This is a generic job description for Operations Manager.,CVs/CV_13.txt,Cover_Letters/Cover_Letter_13.txt
Consultant,This is a generic job description for Consultant.,CVs/CV_14.txt,Cover_Letters/Cover_Letter_14.txt
Product Manager,This is a generic job description for Product Manager.,CVs/CV_15.txt,Cover_Letters/Cover_Letter_15.txt
Sales Executive,This is a generic job description for Sales Executive.,CVs/CV_16.txt,Cover_Letters/Cover_Letter_16.txt
Product Manager,This is a generic job description for Product Manager.,CVs/CV_17.txt,Cover_Letters/Cover_Letter_17.txt
HR Specialist,This is a generic job description for HR Specialist.,CVs/CV_18.txt,Cover_Letters/Cover_Letter_18.txt
Software Engineer,This is a generic job description for Software Engineer.,CVs/CV_19.txt,Cover_Letters/Cover_Letter_19.txt
Graphic Designer,This is a generic job description for Graphic Designer.,CVs/CV_20.txt,Cover_Letters/Cover_Letter_20.txt
HR Specialist,This is a generic job description for HR Specialist.,CVs/CV_21.txt,Cover_Letters/Cover_Letter_21.txt
Software Engineer,This is a generic job description for Software Engineer.,CVs/CV_22.txt,Cover_Letters/Cover_Letter_22.txt
Consultant,This is a generic job description for Consultant.,CVs/CV_23.txt,Cover_Letters/Cover_Letter_23.txt
Software Engineer,This is a generic job description for Software Engineer.,CVs/CV_24.txt,Cover_Letters/Cover_Letter_24.txt
Accountant,This is a generic job description for Accountant.,CVs/CV_25.txt,Cover_Letters/Cover_Letter_25.txt
Graphic Designer,This is a generic job description for Graphic Designer.,CVs/CV_26.txt,Cover_Letters/Cover_Letter_26.txt
HR Specialist,This is a generic job description for HR Specialist.,CVs/CV_27.txt,Cover_Letters/Cover_Letter_27.txt
Software Engineer,This is a generic job description for Software Engineer.,CVs/CV_28.txt,Cover_Letters/Cover_Letter_28.txt
Product Manager,This is a generic job description for Product Manager.,CVs/CV_29.txt,Cover_Letters/Cover_Letter_29.txt
Product Manager,This is a generic job description for Product Manager.,CVs/CV_30.txt,Cover_Letters/Cover_Letter_30.txt
Software Engineer,This is a generic job description for Software Engineer.,CVs/CV_31.txt,Cover_Letters/Cover_Letter_31.txt
Software Engineer,This is a generic job description for Software Engineer.,CVs/CV_32.txt,Cover_Letters/Cover_Letter_32.txt
HR Specialist,This is a generic job description for HR Specialist.,CVs/CV_33.txt,Cover_Letters/Cover_Letter_33.txt
Sales Executive,This is a generic job description for Sales Executive.,CVs/CV_34.txt,Cover_Letters/Cover_Letter_34.txt
Product Manager,This is a generic job description for Product Manager.,CVs/CV_35.txt,Cover_Letters/Cover_Letter_35.txt
Marketing Manager,This is a generic job description for Marketing Manager.,CVs/CV_36.txt,Cover_Letters/Cover_Letter_36.txt
Sales Executive,This is a generic job description for Sales Executive.,CVs/CV_37.txt,Cover_Letters/Cover_Letter_37.txt
Accountant,This is a generic job description for Accountant.,CVs/CV_38.txt,Cover_Letters/Cover_Letter_38.txt
Product Manager,This is a generic job description for Product Manager.,CVs/CV_39.txt,Cover_Letters/Cover_Letter_39.txt
Software Engineer,This is a generic job description for Software Engineer.,CVs/CV_40.txt,Cover_Letters/Cover_Letter_40.txt
Operations Manager,This is a generic job description for Operations Manager.,CVs/CV_41.txt,Cover_Letters/Cover_Letter_41.txt
Operations Manager,This is a generic job description for Operations Manager.,CVs/CV_42.txt,Cover_Letters/Cover_Letter_42.txt
HR Specialist,This is a generic job description for HR Specialist.,CVs/CV_43.txt,Cover_Letters/Cover_Letter_43.txt
Software Engineer,This is a generic job description for Software Engineer.,CVs/CV_44.txt,Cover_Letters/Cover_Letter_44.txt
Operations Manager,This is a generic job description for Operations Manager.,CVs/CV_45.txt,Cover_Letters/Cover_Letter_45.txt
Accountant,This is a generic job description for Accountant.,CVs/CV_46.txt,Cover_Letters/Cover_Letter_46.txt
Graphic Designer,This is a generic job description for Graphic Designer.,CVs/CV_47.txt,Cover_Letters/Cover_Letter_47.txt
Data Scientist,This is a generic job description for Data Scientist.,CVs/CV_48.txt,Cover_Letters/Cover_Letter_48.txt
Consultant,This is a generic job description for Consultant.,CVs/CV_49.txt,Cover_Letters/Cover_Letter_49.txt
HR Specialist,This is a generic job description for HR Specialist.,CVs/CV_50.txt,Cover_Letters/Cover_Letter_50.txt
Product Manager,This is a generic job description for Product Manager.,CVs/CV_51.txt,Cover_Letters/Cover_Letter_51.txt
Sales Executive,This is a generic job description for Sales Executive.,CVs/CV_52.txt,Cover_Letters/Cover_Letter_52.txt
Consultant,This is a generic job description for Consultant.,CVs/CV_53.txt,Cover_Letters/Cover_Letter_53.txt
Software Engineer,This is a generic job description for Software Engineer.,CVs/CV_54.txt,Cover_Letters/Cover_Letter_54.txt
Graphic Designer,This is a generic job description for Graphic Designer.,CVs/CV_55.txt,Cover_Letters/Cover_Letter_55.txt
Software Engineer,This is a generic job description for Software Engineer.,CVs/CV_56.txt,Cover_Letters/Cover_Letter_56.txt
Marketing Manager,This is a generic job description for Marketing Manager.,CVs/CV_57.txt,Cover_Letters/Cover_Letter_57.txt
Consultant,This is a generic job description for Consultant.,CVs/CV_58.txt,Cover_Letters/Cover_Letter_58.txt
Marketing Manager,This is a generic job description for Marketing Manager.,CVs/CV_59.txt,Cover_Letters/Cover_Letter_59.txt
Graphic Designer,This is a generic job description for Graphic Designer.,CVs/CV_60.txt,Cover_Letters/Cover_Letter_60.txt
HR Specialist,This is a generic job description for HR Specialist.,CVs/CV_61.txt,Cover_Letters/Cover_Letter_61.txt
Operations Manager,This is a generic job description for Operations Manager.,CVs/CV_62.txt,Cover_Letters/Cover_Letter_62.txt
Sales Executive,This is a generic job description for Sales Executive.,CVs/CV_63.txt,Cover_Letters/Cover_Letter_63.txt
Product Manager,This is a generic job description for Product Manager.,CVs/CV_64.txt,Cover_Letters/Cover_Letter_64.txt
Marketing Manager,This is a generic job description for Marketing Manager.,CVs/CV_65.txt,Cover_Letters/Cover_Letter_65.txt
Consultant,This is a generic job description for Consultant.,CVs/CV_66.txt,Cover_Letters/Cover_Letter_66.txt
Data Scientist,This is a generic job description for Data Scientist.,CVs/CV_67.txt,Cover_Letters/Cover_Letter_67.txt
Marketing Manager,This is a generic job description for Marketing Manager.,CVs/CV_68.txt,Cover_Letters/Cover_Letter_68.txt
Consultant,This is a generic job description for Consultant.,CVs/CV_69.txt,Cover_Letters/Cover_Letter_69.txt
Software Engineer,This is a generic job description for Software Engineer.,CVs/CV_70.txt,Cover_Letters/Cover_Letter_70.txt
Accountant,This is a generic job description for Accountant.,CVs/CV_71.txt,Cover_Letters/Cover_Letter_71.txt
Marketing Manager,This is a generic job description for Marketing Manager.,CVs/CV_72.txt,Cover_Letters/Cover_Letter_72.txt
Product Manager,This is a generic job description for Product Manager.,CVs/CV_73.txt,Cover_Letters/Cover_Letter_73.txt
Accountant,This is a generic job description for Accountant.,CVs/CV_74.txt,Cover_Letters/Cover_Letter_74.txt
Accountant,This is a generic job description for Accountant.,CVs/CV_75.txt,Cover_Letters/Cover_Letter_75.txt
Operations Manager,This is a generic job description for Operations Manager.,CVs/CV_76.txt,Cover_Letters/Cover_Letter_76.txt
Software Engineer,This is a generic job description for Software Engineer.,CVs/CV_77.txt,Cover_Letters/Cover_Letter_77.txt
HR Specialist,This is a generic job description for HR Specialist.,CVs/CV_78.txt,Cover_Letters/Cover_Letter_78.txt
Sales Executive,This is a generic job description for Sales Executive.,CVs/CV_79.txt,Cover_Letters/Cover_Letter_79.txt
Consultant,This is a generic job description for Consultant.,CVs/CV_80.txt,Cover_Letters/Cover_Letter_80.txt
Data Scientist,This is a generic job description for Data Scientist.,CVs/CV_81.txt,Cover_Letters/Cover_Letter_81.txt
Product Manager,This is a generic job description for Product Manager.,CVs/CV_82.txt,Cover_Letters/Cover_Letter_82.txt
Consultant,This is a generic job description for Consultant.,CVs/CV_83.txt,Cover_Letters/Cover_Letter_83.txt
Software Engineer,This is a generic job description for Software Engineer.,CVs/CV_84.txt,Cover_Letters/Cover_Letter_84.txt
Consultant,This is a generic job description for Consultant.,CVs/CV_85.txt,Cover_Letters/Cover_Letter_85.txt
Data Scientist,This is a generic job description for Data Scientist.,CVs/CV_86.txt,Cover_Letters/Cover_Letter_86.txt
Sales Executive,This is a generic job description for Sales Executive.,CVs/CV_87.txt,Cover_Letters/Cover_Letter_87.txt
Consultant,This is a generic job description for Consultant.,CVs/CV_88.txt,Cover_Letters/Cover_Letter_88.txt
Software Engineer,This is a generic job description for Software Engineer.,CVs/CV_89.txt,Cover_Letters/Cover_Letter_89.txt
Marketing Manager,This is a generic job description for Marketing Manager.,CVs/CV_90.txt,Cover_Letters/Cover_Letter_90.txt
Operations Manager,This is a generic job description for Operations Manager.,CVs/CV_91.txt,Cover_Letters/Cover_Letter_91.txt
Consultant,This is a generic job description for Consultant.,CVs/CV_92.txt,Cover_Letters/Cover_Letter_92.txt
Graphic Designer,This is a generic job description for Graphic Designer.,CVs/CV_93.txt,Cover_Letters/Cover_Letter_93.txt
Consultant,This is a generic job description for Consultant.,CVs/CV_94.txt,Cover_Letters/Cover_Letter_94.txt
Consultant,This is a generic job description for Consultant.,CVs/CV_95.txt,Cover_Letters/Cover_Letter_95.txt
Software Engineer,This is a generic job description for Software Engineer.,CVs/CV_96.txt,Cover_Letters/Cover_Letter_96.txt
Sales Executive,This is a generic job description for Sales Executive.,CVs/CV_97.txt,Cover_Letters/Cover_Letter_97.txt
Consultant,This is a generic job description for Consultant.,CVs/CV_98.txt,Cover_Letters/Cover_Letter_98.txt
Sales Executive,This is a generic job description for Sales Executive.,CVs/CV_99.txt,Cover_Letters/Cover_Letter_99.txt
Marketing Manager,This is a generic job description for Marketing Manager.,CVs/CV_100.txt,Cover_Letters/Cover_Letter_100.txt
Operations Manager,This is a generic job description for Operations Manager.,CVs/CV_101.txt,Cover_Letters/Cover_Letter_101.txt
Consultant,This is a generic job description for Consultant.,CVs/CV_102.txt,Cover_Letters/Cover_Letter_102.txt
HR Specialist,This is a generic job description for HR Specialist.,CVs/CV_103.txt,Cover_Letters/Cover_Letter_103.txt
Software Engineer,This is a generic job description for Software Engineer.,CVs/CV_104.txt,Cover_Letters/Cover_Letter_104.txt
Software Engineer,This is a generic job description for Software Engineer.,CVs/CV_105.txt,Cover_Letters/Cover_Letter_105.txt
Graphic Designer,This is a generic job description for Graphic Designer.,CVs/CV_106.txt,Cover_Letters/Cover_Letter_106.txt
Data Scientist,This is a generic job description for Data Scientist.,CVs/CV_107.txt,Cover_Letters/Cover_Letter_107.txt
HR Specialist,This is a generic job description for HR Specialist.,CVs/CV_108.txt,Cover_Letters/Cover_Letter_108.txt
HR Specialist,This is a generic job description for HR Specialist.,CVs/CV_109.txt,Cover_Letters/Cover_Letter_109.txt
Sales Executive,This is a generic job description for Sales Executive.,CVs/CV_110.txt,Cover_Letters/Cover_Letter_110.txt
Marketing Manager,This is a generic job description for Marketing Manager.,CVs/CV_111.txt,Cover_Letters/Cover_Letter_111.txt
Marketing Manager,This is a generic job description for Marketing Manager.,CVs/CV_112.txt,Cover_Letters/Cover_Letter_112.txt
Accountant,This is a generic job description for Accountant.,CVs/CV_113.txt,Cover_Letters/Cover_Letter_113.txt
Software Engineer,This is a generic job description for Software Engineer.,CVs/CV_114.txt,Cover_Letters/Cover_Letter_114.txt
HR Specialist,This is a generic job description for HR Specialist.,CVs/CV_115.txt,Cover_Letters/Cover_Letter_115.txt
Operations Manager,This is a generic job description for Operations Manager.,CVs/CV_116.txt,Cover_Letters/Cover_Letter_116.txt
Accountant,This is a generic job description for Accountant.,CVs/CV_117.txt,Cover_Letters/Cover_Letter_117.txt
Operations Manager,This is a generic job description for Operations Manager.,CVs/CV_118.txt,Cover_Letters/Cover_Letter_118.txt
Software Engineer,This is a generic job description for Software Engineer.,CVs/CV_119.txt,Cover_Letters/Cover_Letter_119.txt
Product Manager,This is a generic job description for Product Manager.,CVs/CV_120.txt,Cover_Letters/Cover_Letter_120.txt
Data Scientist,This is a generic job description for Data Scientist.,CVs/CV_121.txt,Cover_Letters/Cover_Letter_121.txt
Accountant,This is a generic job description for Accountant.,CVs/CV_122.txt,Cover_Letters/Cover_Letter_122.txt
Accountant,This is a generic job description for Accountant.,CVs/CV_123.txt,Cover_Letters/Cover_Letter_123.txt
Operations Manager,This is a generic job description for Operations Manager.,CVs/CV_124.txt,Cover_Letters/Cover_Letter_124.txt
Data Scientist,This is a generic job description for Data Scientist.,CVs/CV_125.txt,Cover_Letters/Cover_Letter_125.txt
Software Engineer,This is a generic job description for Software Engineer.,CVs/CV_126.txt,Cover_Letters/Cover_Letter_126.txt
Sales Executive,This is a generic job description for Sales Executive.,CVs/CV_127.txt,Cover_Letters/Cover_Letter_127.txt
Software Engineer,This is a generic job description for Software Engineer.,CVs/CV_128.txt,Cover_Letters/Cover_Letter_128.txt
Data Scientist,This is a generic job description for Data Scientist.,CVs/CV_129.txt,Cover_Letters/Cover_Letter_129.txt
Accountant,This is a generic job description for Accountant.,CVs/CV_130.txt,Cover_Letters/Cover_Letter_130.txt
Graphic Designer,This is a generic job description for Graphic Designer.,CVs/CV_131.txt,Cover_Letters/Cover_Letter_131.txt
Data Scientist,This is a generic job description for Data Scientist.,CVs/CV_132.txt,Cover_Letters/Cover_Letter_132.txt
Software Engineer,This is a generic job description for Software Engineer.,CVs/CV_133.txt,Cover_Letters/Cover_Letter_133.txt
Sales Executive,This is a generic job description for Sales Executive.,CVs/CV_134.txt,Cover_Letters/Cover_Letter_134.txt
Data Scientist,This is a generic job description for Data Scientist.,CVs/CV_135.txt,Cover_Letters/Cover_Letter_135.txt
HR Specialist,This is a generic job description for HR Specialist.,CVs/CV_136.txt,Cover_Letters/Cover_Letter_136.txt
Marketing Manager,This is a generic job description for Marketing Manager.,CVs/CV_137.txt,Cover_Letters/Cover_Letter_137.txt
Accountant,This is a generic job description for Accountant.,CVs/CV_138.txt,Cover_Letters/Cover_Letter_138.txt
Product Manager,This is a generic job description for Product Manager.,CVs/CV_139.txt,Cover_Letters/Cover_Letter_139.txt
Marketing Manager,This is a generic job description for Marketing Manager.,CVs/CV_140.txt,Cover_Letters/Cover_Letter_140.txt
Product Manager,This is a generic job description for Product Manager.,CVs/CV_141.txt,Cover_Letters/Cover_Letter_141.txt
HR Specialist,This is a generic job description for HR Specialist.,CVs/CV_142.txt,Cover_Letters/Cover_Letter_142.txt
Sales Executive,This is a generic job description for Sales Executive.,CVs/CV_143.txt,Cover_Letters/Cover_Letter_143.txt
Accountant,This is a generic job description for Accountant.,CVs/CV_144.txt,Cover_Letters/Cover_Letter_144.txt
Data Scientist,This is a generic job description for Data Scientist.,CVs/CV_145.txt,Cover_Letters/Cover_Letter_145.txt
Accountant,This is a generic job description for Accountant.,CVs/CV_146.txt,Cover_Letters/Cover_Letter_146.txt
Graphic Designer,This is a generic job description for Graphic Designer.,CVs/CV_147.txt,Cover_Letters/Cover_Letter_147.txt
HR Specialist,This is a generic job description for HR Specialist.,CVs/CV_148.txt,Cover_Letters/Cover_Letter_148.txt
Sales Executive,This is a generic job description for Sales Executive.,CVs/CV_149.txt,Cover_Letters/Cover_Letter_149.txt
Software Engineer,This is a generic job description for Software Engineer.,CVs/CV_150.txt,Cover_Letters/Cover_Letter_150.txt
Consultant,This is a generic job description for Consultant.,CVs/CV_151.txt,Cover_Letters/Cover_Letter_151.txt
Sales Executive,This is a generic job description for Sales Executive.,CVs/CV_152.txt,Cover_Letters/Cover_Letter_152.txt
Product Manager,This is a generic job description for Product Manager.,CVs/CV_153.txt,Cover_Letters/Cover_Letter_153.txt
Sales Executive,This is a generic job description for Sales Executive.,CVs/CV_154.txt,Cover_Letters/Cover_Letter_154.txt
Sales Executive,This is a generic job description for Sales Executive.,CVs/CV_155.txt,Cover_Letters/Cover_Letter_155.txt
Consultant,This is a generic job description for Consultant.,CVs/CV_156.txt,Cover_Letters/Cover_Letter_156.txt
Product Manager,This is a generic job description for Product Manager.,CVs/CV_157.txt,Cover_Letters/Cover_Letter_157.txt
Consultant,This is a generic job description for Consultant.,CVs/CV_158.txt,Cover_Letters/Cover_Letter_158.txt
Marketing Manager,This is a generic job description for Marketing Manager.,CVs/CV_159.txt,Cover_Letters/Cover_Letter_159.txt
Marketing Manager,This is a generic job description for Marketing Manager.,CVs/CV_160.txt,Cover_Letters/Cover_Letter_160.txt
Accountant,This is a generic job description for Accountant.,CVs/CV_161.txt,Cover_Letters/Cover_Letter_161.txt
Graphic Designer,This is a generic job description for Graphic Designer.,CVs/CV_162.txt,Cover_Letters/Cover_Letter_162.txt
Operations Manager,This is a generic job description for Operations Manager.,CVs/CV_163.txt,Cover_Letters/Cover_Letter_163.txt
Sales Executive,This is a generic job description for Sales Executive.,CVs/CV_164.txt,Cover_Letters/Cover_Letter_164.txt
HR Specialist,This is a generic job description for HR Specialist.,CVs/CV_165.txt,Cover_Letters/Cover_Letter_165.txt
Operations Manager,This is a generic job description for Operations Manager.,CVs/CV_166.txt,Cover_Letters/Cover_Letter_166.txt
Graphic Designer,This is a generic job description for Graphic Designer.,CVs/CV_167.txt,Cover_Letters/Cover_Letter_167.txt
Data Scientist,This is a generic job description for Data Scientist.,CVs/CV_168.txt,Cover_Letters/Cover_Letter_168.txt
Data Scientist,This is a generic job description for Data Scientist.,CVs/CV_169.txt,Cover_Letters/Cover_Letter_169.txt
Graphic Designer,This is a generic job description for Graphic Designer.,CVs/CV_170.txt,Cover_Letters/Cover_Letter_170.txt
Product Manager,This is a generic job description for Product Manager.,CVs/CV_171.txt,Cover_Letters/Cover_Letter_171.txt
HR Specialist,This is a generic job description for HR Specialist.,CVs/CV_172.txt,Cover_Letters/Cover_Letter_172.txt
Operations Manager,This is a generic job description for Operations Manager.,CVs/CV_173.txt,Cover_Letters/Cover_Letter_173.txt
Graphic Designer,This is a generic job description for Graphic Designer.,CVs/CV_174.txt,Cover_Letters/Cover_Letter_174.txt
Graphic Designer,This is a generic job description for Graphic Designer.,CVs/CV_175.txt,Cover_Letters/Cover_Letter_175.txt
Operations Manager,This is a generic job description for Operations Manager.,CVs/CV_176.txt,Cover_Letters/Cover_Letter_176.txt
Graphic Designer,This is a generic job description for Graphic Designer.,CVs/CV_177.txt,Cover_Letters/Cover_Letter_177.txt
Data Scientist,This is a generic job description for Data Scientist.,CVs/CV_178.txt,Cover_Letters/Cover_Letter_178.txt
HR Specialist,This is a generic job description for HR Specialist.,CVs/CV_179.txt,Cover_Letters/Cover_Letter_179.txt
Operations Manager,This is a generic job description for Operations Manager.,CVs/CV_180.txt,Cover_Letters/Cover_Letter_180.txt
Software Engineer,This is a generic job description for Software Engineer.,CVs/CV_181.txt,Cover_Letters/Cover_Letter_181.txt
Software Engineer,This is a generic job description for Software Engineer.,CVs/CV_182.txt,Cover_Letters/Cover_Letter_182.txt
HR Specialist,This is a generic job description for HR Specialist.,CVs/CV_183.txt,Cover_Letters/Cover_Letter_183.txt
Sales Executive,This is a generic job description for Sales Executive.,CVs/CV_184.txt,Cover_Letters/Cover_Letter_184.txt
Graphic Designer,This is a generic job description for Graphic Designer.,CVs/CV_185.txt,Cover_Letters/Cover_Letter_185.txt
Sales Executive,This is a generic job description for Sales Executive.,CVs/CV_186.txt,Cover_Letters/Cover_Letter_186.txt
Operations Manager,This is a generic job description for Operations Manager.,CVs/CV_187.txt,Cover_Letters/Cover_Letter_187.txt
Product Manager,This is a generic job description for Product Manager.,CVs/CV_188.txt,Cover_Letters/Cover_Letter_188.txt
Data Scientist,This is a generic job description for Data Scientist.,CVs/CV_189.txt,Cover_Letters/Cover_Letter_189.txt
Sales Executive,This is a generic job description for Sales Executive.,CVs/CV_190.txt,Cover_Letters/Cover_Letter_190.txt
Consultant,This is a generic job description for Consultant.,CVs/CV_191.txt,Cover_Letters/Cover_Letter_191.txt
Accountant,This is a generic job description for Accountant.,CVs/CV_192.txt,Cover_Letters/Cover_Letter_192.txt
Marketing Manager,This is a generic job description for Marketing Manager.,CVs/CV_193.txt,Cover_Letters/Cover_Letter_193.txt
Marketing Manager,This is a generic job description for Marketing Manager.,CVs/CV_194.txt,Cover_Letters/Cover_Letter_194.txt
Software Engineer,This is a generic job description for Software Engineer.,CVs/CV_195.txt,Cover_Letters/Cover_Letter_195.txt
Data Scientist,This is a generic job description for Data Scientist.,CVs/CV_196.txt,Cover_Letters/Cover_Letter_196.txt
Sales Executive,This is a generic job description for Sales Executive.,CVs/CV_197.txt,Cover_Letters/Cover_Letter_197.txt
Marketing Manager,This is a generic job description for Marketing Manager.,CVs/CV_198.txt,Cover_Letters/Cover_Letter_198.txt
Product Manager,This is a generic job description for Product Manager.,CVs/CV_199.txt,Cover_Letters/Cover_Letter_199.txt
Sales Executive,This is a generic job description for Sales Executive.,CVs/CV_200.txt,Cover_Letters/Cover_Letter_200.txt
Operations Manager,This is a generic job description for Operations Manager.,CVs/CV_201.txt,Cover_Letters/Cover_Letter_201.txt
Product Manager,This is a generic job description for Product Manager.,CVs/CV_202.txt,Cover_Letters/Cover_Letter_202.txt
Data Scientist,This is a generic job description for Data Scientist.,CVs/CV_203.txt,Cover_Letters/Cover_Letter_203.txt
Software Engineer,This is a generic job description for Software Engineer.,CVs/CV_204.txt,Cover_Letters/Cover_Letter_204.txt
Operations Manager,This is a generic job description for Operations Manager.,CVs/CV_205.txt,Cover_Letters/Cover_Letter_205.txt
Operations Manager,This is a generic job description for Operations Manager.,CVs/CV_206.txt,Cover_Letters/Cover_Letter_206.txt
Software Engineer,This is a generic job description for Software Engineer.,CVs/CV_207.txt,Cover_Letters/Cover_Letter_207.txt
Operations Manager,This is a generic job description for Operations Manager.,CVs/CV_208.txt,Cover_Letters/Cover_Letter_208.txt
Software Engineer,This is a generic job description for Software Engineer.,CVs/CV_209.txt,Cover_Letters/Cover_Letter_209.txt
Operations Manager,This is a generic job description for Operations Manager.,CVs/CV_210.txt,Cover_Letters/Cover_Letter_210.txt
Data Scientist,This is a generic job description for Data Scientist.,CVs/CV_211.txt,Cover_Letters/Cover_Letter_211.txt
Accountant,This is a generic job description for Accountant.,CVs/CV_212.txt,Cover_Letters/Cover_Letter_212.txt
Product Manager,This is a generic job description for Product Manager.,CVs/CV_213.txt,Cover_Letters/Cover_Letter_213.txt
Marketing Manager,This is a generic job description for Marketing Manager.,CVs/CV_214.txt,Cover_Letters/Cover_Letter_214.txt
Consultant,This is a generic job description for Consultant.,CVs/CV_215.txt,Cover_Letters/Cover_Letter_215.txt
Data Scientist,This is a generic job description for Data Scientist.,CVs/CV_216.txt,Cover_Letters/Cover_Letter_216.txt
Graphic Designer,This is a generic job description for Graphic Designer.,CVs/CV_217.txt,Cover_Letters/Cover_Letter_217.txt
Software Engineer,This is a generic job description for Software Engineer.,CVs/CV_218.txt,Cover_Letters/Cover_Letter_218.txt
Operations Manager,This is a generic job description for Operations Manager.,CVs/CV_219.txt,Cover_Letters/Cover_Letter_219.txt
Accountant,This is a generic job description for Accountant.,CVs/CV_220.txt,Cover_Letters/Cover_Letter_220.txt
Sales Executive,This is a generic job description for Sales Executive.,CVs/CV_221.txt,Cover_Letters/Cover_Letter_221.txt
Marketing Manager,This is a generic job description for Marketing Manager.,CVs/CV_222.txt,Cover_Letters/Cover_Letter_222.txt
Product Manager,This is a generic job description for Product Manager.,CVs/CV_223.txt,Cover_Letters/Cover_Letter_223.txt
Operations Manager,This is a generic job description for Operations Manager.,CVs/CV_224.txt,Cover_Letters/Cover_Letter_224.txt
Marketing Manager,This is a generic job description for Marketing Manager.,CVs/CV_225.txt,Cover_Letters/Cover_Letter_225.txt
Marketing Manager,This is a generic job description for Marketing Manager.,CVs/CV_226.txt,Cover_Letters/Cover_Letter_226.txt
Operations Manager,This is a generic job description for Operations Manager.,CVs/CV_227.txt,Cover_Letters/Cover_Letter_227.txt
Product Manager,This is a generic job description for Product Manager.,CVs/CV_228.txt,Cover_Letters/Cover_Letter_228.txt
Product Manager,This is a generic job description for Product Manager.,CVs/CV_229.txt,Cover_Letters/Cover_Letter_229.txt
Data Scientist,This is a generic job description for Data Scientist.,CVs/CV_230.txt,Cover_Letters/Cover_Letter_230.txt
Accountant,This is a generic job description for Accountant.,CVs/CV_231.txt,Cover_Letters/Cover_Letter_231.txt
Data Scientist,This is a generic job description for Data Scientist.,CVs/CV_232.txt,Cover_Letters/Cover_Letter_232.txt
Software Engineer,This is a generic job description for Software Engineer.,CVs/CV_233.txt,Cover_Letters/Cover_Letter_233.txt
Graphic Designer,This is a generic job description for Graphic Designer.,CVs/CV_234.txt,Cover_Letters/Cover_Letter_234.txt
Data Scientist,This is a generic job description for Data Scientist.,CVs/CV_235.txt,Cover_Letters/Cover_Letter_235.txt
Software Engineer,This is a generic job description for Software Engineer.,CVs/CV_236.txt,Cover_Letters/Cover_Letter_236.txt
Accountant,This is a generic job description for Accountant.,CVs/CV_237.txt,Cover_Letters/Cover_Letter_237.txt
Marketing Manager,This is a generic job description for Marketing Manager.,CVs/CV_238.txt,Cover_Letters/Cover_Letter_238.txt
Graphic Designer,This is a generic job description for Graphic Designer.,CVs/CV_239.txt,Cover_Letters/Cover_Letter_239.txt
Consultant,This is a generic job description for Consultant.,CVs/CV_240.txt,Cover_Letters/Cover_Letter_240.txt
Accountant,This is a generic job description for Accountant.,CVs/CV_241.txt,Cover_Letters/Cover_Letter_241.txt
Operations Manager,This is a generic job description for Operations Manager.,CVs/CV_242.txt,Cover_Letters/Cover_Letter_242.txt
Consultant,This is a generic job description for Consultant.,CVs/CV_243.txt,Cover_Letters/Cover_Letter_243.txt
Consultant,This is a generic job description for Consultant.,CVs/CV_244.txt,Cover_Letters/Cover_Letter_244.txt
Operations Manager,This is a generic job description for Operations Manager.,CVs/CV_245.txt,Cover_Letters/Cover_Letter_245.txt
Sales Executive,This is a generic job description for Sales Executive.,CVs/CV_246.txt,Cover_Letters/Cover_Letter_246.txt
HR Specialist,This is a generic job description for HR Specialist.,CVs/CV_247.txt,Cover_Letters/Cover_Letter_247.txt
Software Engineer,This is a generic job description for Software Engineer.,CVs/CV_248.txt,Cover_Letters/Cover_Letter_248.txt
Software Engineer,This is a generic job description for Software Engineer.,CVs/CV_249.txt,Cover_Letters/Cover_Letter_249.txt
Data Scientist,This is a generic job description for Data Scientist.,CVs/CV_250.txt,Cover_Letters/Cover_Letter_250.txt
Data Scientist,This is a generic job description for Data Scientist.,CVs/CV_251.txt,Cover_Letters/Cover_Letter_251.txt
Product Manager,This is a generic job description for Product Manager.,CVs/CV_252.txt,Cover_Letters/Cover_Letter_252.txt
Sales Executive,This is a generic job description for Sales Executive.,CVs/CV_253.txt,Cover_Letters/Cover_Letter_253.txt
HR Specialist,This is a generic job description for HR Specialist.,CVs/CV_254.txt,Cover_Letters/Cover_Letter_254.txt
Product Manager,This is a generic job description for Product Manager.,CVs/CV_255.txt,Cover_Letters/Cover_Letter_255.txt
Software Engineer,This is a generic job description for Software Engineer.,CVs/CV_256.txt,Cover_Letters/Cover_Letter_256.txt
Consultant,This is a generic job description for Consultant.,CVs/CV_257.txt,Cover_Letters/Cover_Letter_257.txt
Consultant,This is a generic job description for Consultant.,CVs/CV_258.txt,Cover_Letters/Cover_Letter_258.txt
Marketing Manager,This is a generic job description for Marketing Manager.,CVs/CV_259.txt,Cover_Letters/Cover_Letter_259.txt
HR Specialist,This is a generic job description for HR Specialist.,CVs/CV_260.txt,Cover_Letters/Cover_Letter_260.txt
Software Engineer,This is a generic job description for Software Engineer.,CVs/CV_261.txt,Cover_Letters/Cover_Letter_261.txt
Graphic Designer,This is a generic job description for Graphic Designer.,CVs/CV_262.txt,Cover_Letters/Cover_Letter_262.txt
Consultant,This is a generic job description for Consultant.,CVs/CV_263.txt,Cover_Letters/Cover_Letter_263.txt
Marketing Manager,This is a generic job description for Marketing Manager.,CVs/CV_264.txt,Cover_Letters/Cover_Letter_264.txt
HR Specialist,This is a generic job description for HR Specialist.,CVs/CV_265.txt,Cover_Letters/Cover_Letter_265.txt
Data Scientist,This is a generic job description for Data Scientist.,CVs/CV_266.txt,Cover_Letters/Cover_Letter_266.txt
Software Engineer,This is a generic job description for Software Engineer.,CVs/CV_267.txt,Cover_Letters/Cover_Letter_267.txt
Marketing Manager,This is a generic job description for Marketing Manager.,CVs/CV_268.txt,Cover_Letters/Cover_Letter_268.txt
Data Scientist,This is a generic job description for Data Scientist.,CVs/CV_269.txt,Cover_Letters/Cover_Letter_269.txt
Data Scientist,This is a generic job description for Data Scientist.,CVs/CV_270.txt,Cover_Letters/Cover_Letter_270.txt
Operations Manager,This is a generic job description for Operations Manager.,CVs/CV_271.txt,Cover_Letters/Cover_Letter_271.txt
Software Engineer,This is a generic job description for Software Engineer.,CVs/CV_272.txt,Cover_Letters/Cover_Letter_272.txt
Product Manager,This is a generic job description for Product Manager.,CVs/CV_273.txt,Cover_Letters/Cover_Letter_273.txt
Graphic Designer,This is a generic job description for Graphic Designer.,CVs/CV_274.txt,Cover_Letters/Cover_Letter_274.txt
Operations Manager,This is a generic job description for Operations Manager.,CVs/CV_275.txt,Cover_Letters/Cover_Letter_275.txt
Consultant,This is a generic job description for Consultant.,CVs/CV_276.txt,Cover_Letters/Cover_Letter_276.txt
Software Engineer,This is a generic job description for Software Engineer.,CVs/CV_277.txt,Cover_Letters/Cover_Letter_277.txt
Product Manager,This is a generic job description for Product Manager.,CVs/CV_278.txt,Cover_Letters/Cover_Letter_278.txt
Data Scientist,This is a generic job description for Data Scientist.,CVs/CV_279.txt,Cover_Letters/Cover_Letter_279.txt
Graphic Designer,This is a generic job description for Graphic Designer.,CVs/CV_280.txt,Cover_Letters/Cover_Letter_280.txt
Operations Manager,This is a generic job description for Operations Manager.,CVs/CV_281.txt,Cover_Letters/Cover_Letter_281.txt
Sales Executive,This is a generic job description for Sales Executive.,CVs/CV_282.txt,Cover_Letters/Cover_Letter_282.txt
Software Engineer,This is a generic job description for Software Engineer.,CVs/CV_283.txt,Cover_Letters/Cover_Letter_283.txt
Graphic Designer,This is a generic job description for Graphic Designer.,CVs/CV_284.txt,Cover_Letters/Cover_Letter_284.txt
Data Scientist,This is a generic job description for Data Scientist.,CVs/CV_285.txt,Cover_Letters/Cover_Letter_285.txt
Graphic Designer,This is a generic job description for Graphic Designer.,CVs/CV_286.txt,Cover_Letters/Cover_Letter_286.txt
Graphic Designer,This is a generic job description for Graphic Designer.,CVs/CV_287.txt,Cover_Letters/Cover_Letter_287.txt
Marketing Manager,This is a generic job description for Marketing Manager.,CVs/CV_288.txt,Cover_Letters/Cover_Letter_288.txt
HR Specialist,This is a generic job description for HR Specialist.,CVs/CV_289.txt,Cover_Letters/Cover_Letter_289.txt
Sales Executive,This is a generic job description for Sales Executive.,CVs/CV_290.txt,Cover_Letters/Cover_Letter_290.txt
Marketing Manager,This is a generic job description for Marketing Manager.,CVs/CV_291.txt,Cover_Letters/Cover_Letter_291.txt
Accountant,This is a generic job description for Accountant.,CVs/CV_292.txt,Cover_Letters/Cover_Letter_292.txt
Data Scientist,This is a generic job description for Data Scientist.,CVs/CV_293.txt,Cover_Letters/Cover_Letter_293.txt
Graphic Designer,This is a generic job description for Graphic Designer.,CVs/CV_294.txt,Cover_Letters/Cover_Letter_294.txt
Product Manager,This is a generic job description for Product Manager.,CVs/CV_295.txt,Cover_Letters/Cover_Letter_295.txt
Data Scientist,This is a generic job description for Data Scientist.,CVs/CV_296.txt,Cover_Letters/Cover_Letter_296.txt
Marketing Manager,This is a generic job description for Marketing Manager.,CVs/CV_297.txt,Cover_Letters/Cover_Letter_297.txt
Consultant,This is a generic job description for Consultant.,CVs/CV_298.txt,Cover_Letters/Cover_Letter_298.txt
Accountant,This is a generic job description for Accountant.,CVs/CV_299.txt,Cover_Letters/Cover_Letter_299.txt
Sales Executive,This is a generic job description for Sales Executive.,CVs/CV_300.txt,Cover_Letters/Cover_Letter_300.txt
HR Specialist,This is a generic job description for HR Specialist.,CVs/CV_301.txt,Cover_Letters/Cover_Letter_301.txt
HR Specialist,This is a generic job description for HR Specialist.,CVs/CV_302.txt,Cover_Letters/Cover_Letter_302.txt
Data Scientist,This is a generic job description for Data Scientist.,CVs/CV_303.txt,Cover_Letters/Cover_Letter_303.txt
Software Engineer,This is a generic job description for Software Engineer.,CVs/CV_304.txt,Cover_Letters/Cover_Letter_304.txt
Software Engineer,This is a generic job description for Software Engineer.,CVs/CV_305.txt,Cover_Letters/Cover_Letter_305.txt
Sales Executive,This is a generic job description for Sales Executive.,CVs/CV_306.txt,Cover_Letters/Cover_Letter_306.txt
Sales Executive,This is a generic job description for Sales Executive.,CVs/CV_307.txt,Cover_Letters/Cover_Letter_307.txt
Consultant,This is a generic job description for Consultant.,CVs/CV_308.txt,Cover_Letters/Cover_Letter_308.txt
HR Specialist,This is a generic job description for HR Specialist.,CVs/CV_309.txt,Cover_Letters/Cover_Letter_309.txt
Graphic Designer,This is a generic job description for Graphic Designer.,CVs/CV_310.txt,Cover_Letters/Cover_Letter_310.txt
Graphic Designer,This is a generic job description for Graphic Designer.,CVs/CV_311.txt,Cover_Letters/Cover_Letter_311.txt
HR Specialist,This is a generic job description for HR Specialist.,CVs/CV_312.txt,Cover_Letters/Cover_Letter_312.txt
Graphic Designer,This is a generic job description for Graphic Designer.,CVs/CV_313.txt,Cover_Letters/Cover_Letter_313.txt
Operations Manager,This is a generic job description for Operations Manager.,CVs/CV_314.txt,Cover_Letters/Cover_Letter_314.txt
Sales Executive,This is a generic job description for Sales Executive.,CVs/CV_315.txt,Cover_Letters/Cover_Letter_315.txt
Accountant,This is a generic job description for Accountant.,CVs/CV_316.txt,Cover_Letters/Cover_Letter_316.txt
Operations Manager,This is a generic job description for Operations Manager.,CVs/CV_317.txt,Cover_Letters/Cover_Letter_317.txt
Software Engineer,This is a generic job description for Software Engineer.,CVs/CV_318.txt,Cover_Letters/Cover_Letter_318.txt
Operations Manager,This is a generic job description for Operations Manager.,CVs/CV_319.txt,Cover_Letters/Cover_Letter_319.txt
Marketing Manager,This is a generic job description for Marketing Manager.,CVs/CV_320.txt,Cover_Letters/Cover_Letter_320.txt
Software Engineer,This is a generic job description for Software Engineer.,CVs/CV_321.txt,Cover_Letters/Cover_Letter_321.txt
Sales Executive,This is a generic job description for Sales Executive.,CVs/CV_322.txt,Cover_Letters/Cover_Letter_322.txt
Marketing Manager,This is a generic job description for Marketing Manager.,CVs/CV_323.txt,Cover_Letters/Cover_Letter_323.txt
Sales Executive,This is a generic job description for Sales Executive.,CVs/CV_324.txt,Cover_Letters/Cover_Letter_324.txt
Software Engineer,This is a generic job description for Software Engineer.,CVs/CV_325.txt,Cover_Letters/Cover_Letter_325.txt
HR Specialist,This is a generic job description for HR Specialist.,CVs/CV_326.txt,Cover_Letters/Cover_Letter_326.txt
Operations Manager,This is a generic job description for Operations Manager.,CVs/CV_327.txt,Cover_Letters/Cover_Letter_327.txt
HR Specialist,This is a generic job description for HR Specialist.,CVs/CV_328.txt,Cover_Letters/Cover_Letter_328.txt
Marketing Manager,This is a generic job description for Marketing Manager.,CVs/CV_329.txt,Cover_Letters/Cover_Letter_329.txt
Data Scientist,This is a generic job description for Data Scientist.,CVs/CV_330.txt,Cover_Letters/Cover_Letter_330.txt
HR Specialist,This is a generic job description for HR Specialist.,CVs/CV_331.txt,Cover_Letters/Cover_Letter_331.txt
Product Manager,This is a generic job description for Product Manager.,CVs/CV_332.txt,Cover_Letters/Cover_Letter_332.txt
Product Manager,This is a generic job description for Product Manager.,CVs/CV_333.txt,Cover_Letters/Cover_Letter_333.txt
Graphic Designer,This is a generic job description for Graphic Designer.,CVs/CV_334.txt,Cover_Letters/Cover_Letter_334.txt
Sales Executive,This is a generic job description for Sales Executive.,CVs/CV_335.txt,Cover_Letters/Cover_Letter_335.txt
HR Specialist,This is a generic job description for HR Specialist.,CVs/CV_336.txt,Cover_Letters/Cover_Letter_336.txt
Consultant,This is a generic job description for Consultant.,CVs/CV_337.txt,Cover_Letters/Cover_Letter_337.txt
HR Specialist,This is a generic job description for HR Specialist.,CVs/CV_338.txt,Cover_Letters/Cover_Letter_338.txt
Graphic Designer,This is a generic job description for Graphic Designer.,CVs/CV_339.txt,Cover_Letters/Cover_Letter_339.txt
Product Manager,This is a generic job description for Product Manager.,CVs/CV_340.txt,Cover_Letters/Cover_Letter_340.txt
Operations Manager,This is a generic job description for Operations Manager.,CVs/CV_341.txt,Cover_Letters/Cover_Letter_341.txt
Data Scientist,This is a generic job description for Data Scientist.,CVs/CV_342.txt,Cover_Letters/Cover_Letter_342.txt
HR Specialist,This is a generic job description for HR Specialist.,CVs/CV_343.txt,Cover_Letters/Cover_Letter_343.txt
Software Engineer,This is a generic job description for Software Engineer.,CVs/CV_344.txt,Cover_Letters/Cover_Letter_344.txt
Marketing Manager,This is a generic job description for Marketing Manager.,CVs/CV_345.txt,Cover_Letters/Cover_Letter_345.txt
Product Manager,This is a generic job description for Product Manager.,CVs/CV_346.txt,Cover_Letters/Cover_Letter_346.txt
HR Specialist,This is a generic job description for HR Specialist.,CVs/CV_347.txt,Cover_Letters/Cover_Letter_347.txt
HR Specialist,This is a generic job description for HR Specialist.,CVs/CV_348.txt,Cover_Letters/Cover_Letter_348.txt
Product Manager,This is a generic job description for Product Manager.,CVs/CV_349.txt,Cover_Letters/Cover_Letter_349.txt
Data Scientist,This is a generic job description for Data Scientist.,CVs/CV_350.txt,Cover_Letters/Cover_Letter_350.txt
Marketing Manager,This is a generic job description for Marketing Manager.,CVs/CV_351.txt,Cover_Letters/Cover_Letter_351.txt
Product Manager,This is a generic job description for Product Manager.,CVs/CV_352.txt,Cover_Letters/Cover_Letter_352.txt
Product Manager,This is a generic job description for Product Manager.,CVs/CV_353.txt,Cover_Letters/Cover_Letter_353.txt
Operations Manager,This is a generic job description for Operations Manager.,CVs/CV_354.txt,Cover_Letters/Cover_Letter_354.txt
Data Scientist,This is a generic job description for Data Scientist.,CVs/CV_355.txt,Cover_Letters/Cover_Letter_355.txt
Marketing Manager,This is a generic job description for Marketing Manager.,CVs/CV_356.txt,Cover_Letters/Cover_Letter_356.txt
Sales Executive,This is a generic job description for Sales Executive.,CVs/CV_357.txt,Cover_Letters/Cover_Letter_357.txt
Marketing Manager,This is a generic job description for Marketing Manager.,CVs/CV_358.txt,Cover_Letters/Cover_Letter_358.txt
Consultant,This is a generic job description for Consultant.,CVs/CV_359.txt,Cover_Letters/Cover_Letter_359.txt
Data Scientist,This is a generic job description for Data Scientist.,CVs/CV_360.txt,Cover_Letters/Cover_Letter_360.txt
Marketing Manager,This is a generic job description for Marketing Manager.,CVs/CV_361.txt,Cover_Letters/Cover_Letter_361.txt
Sales Executive,This is a generic job description for Sales Executive.,CVs/CV_362.txt,Cover_Letters/Cover_Letter_362.txt
Consultant,This is a generic job description for Consultant.,CVs/CV_363.txt,Cover_Letters/Cover_Letter_363.txt
Consultant,This is a generic job description for Consultant.,CVs/CV_364.txt,Cover_Letters/Cover_Letter_364.txt
Marketing Manager,This is a generic job description for Marketing Manager.,CVs/CV_365.txt,Cover_Letters/Cover_Letter_365.txt
Marketing Manager,This is a generic job description for Marketing Manager.,CVs/CV_366.txt,Cover_Letters/Cover_Letter_366.txt
Consultant,This is a generic job description for Consultant.,CVs/CV_367.txt,Cover_Letters/Cover_Letter_367.txt
Data Scientist,This is a generic job description for Data Scientist.,CVs/CV_368.txt,Cover_Letters/Cover_Letter_368.txt
Sales Executive,This is a generic job description for Sales Executive.,CVs/CV_369.txt,Cover_Letters/Cover_Letter_369.txt
Sales Executive,This is a generic job description for Sales Executive.,CVs/CV_370.txt,Cover_Letters/Cover_Letter_370.txt
HR Specialist,This is a generic job description for HR Specialist.,CVs/CV_371.txt,Cover_Letters/Cover_Letter_371.txt
HR Specialist,This is a generic job description for HR Specialist.,CVs/CV_372.txt,Cover_Letters/Cover_Letter_372.txt
Software Engineer,This is a generic job description for Software Engineer.,CVs/CV_373.txt,Cover_Letters/Cover_Letter_373.txt
HR Specialist,This is a generic job description for HR Specialist.,CVs/CV_374.txt,Cover_Letters/Cover_Letter_374.txt
Marketing Manager,This is a generic job description for Marketing Manager.,CVs/CV_375.txt,Cover_Letters/Cover_Letter_375.txt
Product Manager,This is a generic job description for Product Manager.,CVs/CV_376.txt,Cover_Letters/Cover_Letter_376.txt
Marketing Manager,This is a generic job description for Marketing Manager.,CVs/CV_377.txt,Cover_Letters/Cover_Letter_377.txt
HR Specialist,This is a generic job description for HR Specialist.,CVs/CV_378.txt,Cover_Letters/Cover_Letter_378.txt
Sales Executive,This is a generic job description for Sales Executive.,CVs/CV_379.txt,Cover_Letters/Cover_Letter_379.txt
Sales Executive,This is a generic job description for Sales Executive.,CVs/CV_380.txt,Cover_Letters/Cover_Letter_380.txt
Sales Executive,This is a generic job description for Sales Executive.,CVs/CV_381.txt,Cover_Letters/Cover_Letter_381.txt
HR Specialist,This is a generic job description for HR Specialist.,CVs/CV_382.txt,Cover_Letters/Cover_Letter_382.txt
HR Specialist,This is a generic job description for HR Specialist.,CVs/CV_383.txt,Cover_Letters/Cover_Letter_383.txt
Graphic Designer,This is a generic job description for Graphic Designer.,CVs/CV_384.txt,Cover_Letters/Cover_Letter_384.txt
Data Scientist,This is a generic job description for Data Scientist.,CVs/CV_385.txt,Cover_Letters/Cover_Letter_385.txt
Graphic Designer,This is a generic job description for Graphic Designer.,CVs/CV_386.txt,Cover_Letters/Cover_Letter_386.txt
Accountant,This is a generic job description for Accountant.,CVs/CV_387.txt,Cover_Letters/Cover_Letter_387.txt
Sales Executive,This is a generic job description for Sales Executive.,CVs/CV_388.txt,Cover_Letters/Cover_Letter_388.txt
Software Engineer,This is a generic job description for Software Engineer.,CVs/CV_389.txt,Cover_Letters/Cover_Letter_389.txt
Operations Manager,This is a generic job description for Operations Manager.,CVs/CV_390.txt,Cover_Letters/Cover_Letter_390.txt
Consultant,This is a generic job description for Consultant.,CVs/CV_391.txt,Cover_Letters/Cover_Letter_391.txt
Accountant,This is a generic job description for Accountant.,CVs/CV_392.txt,Cover_Letters/Cover_Letter_392.txt
Software Engineer,This is a generic job description for Software Engineer.,CVs/CV_393.txt,Cover_Letters/Cover_Letter_393.txt
Consultant,This is a generic job description for Consultant.,CVs/CV_394.txt,Cover_Letters/Cover_Letter_394.txt
Product Manager,This is a generic job description for Product Manager.,CVs/CV_395.txt,Cover_Letters/Cover_Letter_395.txt
Consultant,This is a generic job description for Consultant.,CVs/CV_396.txt,Cover_Letters/Cover_Letter_396.txt
Consultant,This is a generic job description for Consultant.,CVs/CV_397.txt,Cover_Letters/Cover_Letter_397.txt
Data Scientist,This is a generic job description for Data Scientist.,CVs/CV_398.txt,Cover_Letters/Cover_Letter_398.txt
Data Scientist,This is a generic job description for Data Scientist.,CVs/CV_399.txt,Cover_Letters/Cover_Letter_399.txt
Software Engineer,This is a generic job description for Software Engineer.,CVs/CV_400.txt,Cover_Letters/Cover_Letter_400.txt
Product Manager,This is a generic job description for Product Manager.,CVs/CV_401.txt,Cover_Letters/Cover_Letter_401.txt
HR Specialist,This is a generic job description for HR Specialist.,CVs/CV_402.txt,Cover_Letters/Cover_Letter_402.txt
Software Engineer,This is a generic job description for Software Engineer.,CVs/CV_403.txt,Cover_Letters/Cover_Letter_403.txt
Data Scientist,This is a generic job description for Data Scientist.,CVs/CV_404.txt,Cover_Letters/Cover_Letter_404.txt
Product Manager,This is a generic job description for Product Manager.,CVs/CV_405.txt,Cover_Letters/Cover_Letter_405.txt
Product Manager,This is a generic job description for Product Manager.,CVs/CV_406.txt,Cover_Letters/Cover_Letter_406.txt
Accountant,This is a generic job description for Accountant.,CVs/CV_407.txt,Cover_Letters/Cover_Letter_407.txt
Marketing Manager,This is a generic job description for Marketing Manager.,CVs/CV_408.txt,Cover_Letters/Cover_Letter_408.txt
Graphic Designer,This is a generic job description for Graphic Designer.,CVs/CV_409.txt,Cover_Letters/Cover_Letter_409.txt
Graphic Designer,This is a generic job description for Graphic Designer.,CVs/CV_410.txt,Cover_Letters/Cover_Letter_410.txt
HR Specialist,This is a generic job description for HR Specialist.,CVs/CV_411.txt,Cover_Letters/Cover_Letter_411.txt
HR Specialist,This is a generic job description for HR Specialist.,CVs/CV_412.txt,Cover_Letters/Cover_Letter_412.txt
Product Manager,This is a generic job description for Product Manager.,CVs/CV_413.txt,Cover_Letters/Cover_Letter_413.txt
Graphic Designer,This is a generic job description for Graphic Designer.,CVs/CV_414.txt,Cover_Letters/Cover_Letter_414.txt
Data Scientist,This is a generic job description for Data Scientist.,CVs/CV_415.txt,Cover_Letters/Cover_Letter_415.txt
Product Manager,This is a generic job description for Product Manager.,CVs/CV_416.txt,Cover_Letters/Cover_Letter_416.txt
Marketing Manager,This is a generic job description for Marketing Manager.,CVs/CV_417.txt,Cover_Letters/Cover_Letter_417.txt
HR Specialist,This is a generic job description for HR Specialist.,CVs/CV_418.txt,Cover_Letters/Cover_Letter_418.txt
Data Scientist,This is a generic job description for Data Scientist.,CVs/CV_419.txt,Cover_Letters/Cover_Letter_419.txt
Consultant,This is a generic job description for Consultant.,CVs/CV_420.txt,Cover_Letters/Cover_Letter_420.txt
Consultant,This is a generic job description for Consultant.,CVs/CV_421.txt,Cover_Letters/Cover_Letter_421.txt
Graphic Designer,This is a generic job description for Graphic Designer.,CVs/CV_422.txt,Cover_Letters/Cover_Letter_422.txt
Accountant,This is a generic job description for Accountant.,CVs/CV_423.txt,Cover_Letters/Cover_Letter_423.txt
HR Specialist,This is a generic job description for HR Specialist.,CVs/CV_424.txt,Cover_Letters/Cover_Letter_424.txt
Sales Executive,This is a generic job description for Sales Executive.,CVs/CV_425.txt,Cover_Letters/Cover_Letter_425.txt
Graphic Designer,This is a generic job description for Graphic Designer.,CVs/CV_426.txt,Cover_Letters/Cover_Letter_426.txt
Product Manager,This is a generic job description for Product Manager.,CVs/CV_427.txt,Cover_Letters/Cover_Letter_427.txt
Sales Executive,This is a generic job description for Sales Executive.,CVs/CV_428.txt,Cover_Letters/Cover_Letter_428.txt
Operations Manager,This is a generic job description for Operations Manager.,CVs/CV_429.txt,Cover_Letters/Cover_Letter_429.txt
Graphic Designer,This is a generic job description for Graphic Designer.,CVs/CV_430.txt,Cover_Letters/Cover_Letter_430.txt
Product Manager,This is a generic job description for Product Manager.,CVs/CV_431.txt,Cover_Letters/Cover_Letter_431.txt
Consultant,This is a generic job description for Consultant.,CVs/CV_432.txt,Cover_Letters/Cover_Letter_432.txt
Operations Manager,This is a generic job description for Operations Manager.,CVs/CV_433.txt,Cover_Letters/Cover_Letter_433.txt
Software Engineer,This is a generic job description for Software Engineer.,CVs/CV_434.txt,Cover_Letters/Cover_Letter_434.txt
Accountant,This is a generic job description for Accountant.,CVs/CV_435.txt,Cover_Letters/Cover_Letter_435.txt
Graphic Designer,This is a generic job description for Graphic Designer.,CVs/CV_436.txt,Cover_Letters/Cover_Letter_436.txt
Data Scientist,This is a generic job description for Data Scientist.,CVs/CV_437.txt,Cover_Letters/Cover_Letter_437.txt
HR Specialist,This is a generic job description for HR Specialist.,CVs/CV_438.txt,Cover_Letters/Cover_Letter_438.txt
Accountant,This is a generic job description for Accountant.,CVs/CV_439.txt,Cover_Letters/Cover_Letter_439.txt
Marketing Manager,This is a generic job description for Marketing Manager.,CVs/CV_440.txt,Cover_Letters/Cover_Letter_440.txt
Product Manager,This is a generic job description for Product Manager.,CVs/CV_441.txt,Cover_Letters/Cover_Letter_441.txt
Accountant,This is a generic job description for Accountant.,CVs/CV_442.txt,Cover_Letters/Cover_Letter_442.txt
Accountant,This is a generic job description for Accountant.,CVs/CV_443.txt,Cover_Letters/Cover_Letter_443.txt
Graphic Designer,This is a generic job description for Graphic Designer.,CVs/CV_444.txt,Cover_Letters/Cover_Letter_444.txt
Sales Executive,This is a generic job description for Sales Executive.,CVs/CV_445.txt,Cover_Letters/Cover_Letter_445.txt
Consultant,This is a generic job description for Consultant.,CVs/CV_446.txt,Cover_Letters/Cover_Letter_446.txt
HR Specialist,This is a generic job description for HR Specialist.,CVs/CV_447.txt,Cover_Letters/Cover_Letter_447.txt
Accountant,This is a generic job description for Accountant.,CVs/CV_448.txt,Cover_Letters/Cover_Letter_448.txt
Graphic Designer,This is a generic job description for Graphic Designer.,CVs/CV_449.txt,Cover_Letters/Cover_Letter_449.txt
Data Scientist,This is a generic job description for Data Scientist.,CVs/CV_450.txt,Cover_Letters/Cover_Letter_450.txt
HR Specialist,This is a generic job description for HR Specialist.,CVs/CV_451.txt,Cover_Letters/Cover_Letter_451.txt
Data Scientist,This is a generic job description for Data Scientist.,CVs/CV_452.txt,Cover_Letters/Cover_Letter_452.txt
Sales Executive,This is a generic job description for Sales Executive.,CVs/CV_453.txt,Cover_Letters/Cover_Letter_453.txt
Sales Executive,This is a generic job description for Sales Executive.,CVs/CV_454.txt,Cover_Letters/Cover_Letter_454.txt
Product Manager,This is a generic job description for Product Manager.,CVs/CV_455.txt,Cover_Letters/Cover_Letter_455.txt
Operations Manager,This is a generic job description for Operations Manager.,CVs/CV_456.txt,Cover_Letters/Cover_Letter_456.txt
Software Engineer,This is a generic job description for Software Engineer.,CVs/CV_457.txt,Cover_Letters/Cover_Letter_457.txt
Software Engineer,This is a generic job description for Software Engineer.,CVs/CV_458.txt,Cover_Letters/Cover_Letter_458.txt
Data Scientist,This is a generic job description for Data Scientist.,CVs/CV_459.txt,Cover_Letters/Cover_Letter_459.txt
Operations Manager,This is a generic job description for Operations Manager.,CVs/CV_460.txt,Cover_Letters/Cover_Letter_460.txt
Product Manager,This is a generic job description for Product Manager.,CVs/CV_461.txt,Cover_Letters/Cover_Letter_461.txt
Graphic Designer,This is a generic job description for Graphic Designer.,CVs/CV_462.txt,Cover_Letters/Cover_Letter_462.txt
HR Specialist,This is a generic job description for HR Specialist.,CVs/CV_463.txt,Cover_Letters/Cover_Letter_463.txt
Product Manager,This is a generic job description for Product Manager.,CVs/CV_464.txt,Cover_Letters/Cover_Letter_464.txt
Consultant,This is a generic job description for Consultant.,CVs/CV_465.txt,Cover_Letters/Cover_Letter_465.txt
Product Manager,This is a generic job description for Product Manager.,CVs/CV_466.txt,Cover_Letters/Cover_Letter_466.txt
Accountant,This is a generic job description for Accountant.,CVs/CV_467.txt,Cover_Letters/Cover_Letter_467.txt
Marketing Manager,This is a generic job description for Marketing Manager.,CVs/CV_468.txt,Cover_Letters/Cover_Letter_468.txt
Accountant,This is a generic job description for Accountant.,CVs/CV_469.txt,Cover_Letters/Cover_Letter_469.txt
Consultant,This is a generic job description for Consultant.,CVs/CV_470.txt,Cover_Letters/Cover_Letter_470.txt
Product Manager,This is a generic job description for Product Manager.,CVs/CV_471.txt,Cover_Letters/Cover_Letter_471.txt
Product Manager,This is a generic job description for Product Manager.,CVs/CV_472.txt,Cover_Letters/Cover_Letter_472.txt
Software Engineer,This is a generic job description for Software Engineer.,CVs/CV_473.txt,Cover_Letters/Cover_Letter_473.txt
Graphic Designer,This is a generic job description for Graphic Designer.,CVs/CV_474.txt,Cover_Letters/Cover_Letter_474.txt
Marketing Manager,This is a generic job description for Marketing Manager.,CVs/CV_475.txt,Cover_Letters/Cover_Letter_475.txt
Software Engineer,This is a generic job description for Software Engineer.,CVs/CV_476.txt,Cover_Letters/Cover_Letter_476.txt
Data Scientist,This is a generic job description for Data Scientist.,CVs/CV_477.txt,Cover_Letters/Cover_Letter_477.txt
Marketing Manager,This is a generic job description for Marketing Manager.,CVs/CV_478.txt,Cover_Letters/Cover_Letter_478.txt
Operations Manager,This is a generic job description for Operations Manager.,CVs/CV_479.txt,Cover_Letters/Cover_Letter_479.txt
Accountant,This is a generic job description for Accountant.,CVs/CV_480.txt,Cover_Letters/Cover_Letter_480.txt
Sales Executive,This is a generic job description for Sales Executive.,CVs/CV_481.txt,Cover_Letters/Cover_Letter_481.txt
Data Scientist,This is a generic job description for Data Scientist.,CVs/CV_482.txt,Cover_Letters/Cover_Letter_482.txt
Product Manager,This is a generic job description for Product Manager.,CVs/CV_483.txt,Cover_Letters/Cover_Letter_483.txt
Software Engineer,This is a generic job description for Software Engineer.,CVs/CV_484.txt,Cover_Letters/Cover_Letter_484.txt
Graphic Designer,This is a generic job description for Graphic Designer.,CVs/CV_485.txt,Cover_Letters/Cover_Letter_485.txt
Marketing Manager,This is a generic job description for Marketing Manager.,CVs/CV_486.txt,Cover_Letters/Cover_Letter_486.txt
HR Specialist,This is a generic job description for HR Specialist.,CVs/CV_487.txt,Cover_Letters/Cover_Letter_487.txt
Data Scientist,This is a generic job description for Data Scientist.,CVs/CV_488.txt,Cover_Letters/Cover_Letter_488.txt
HR Specialist,This is a generic job description for HR Specialist.,CVs/CV_489.txt,Cover_Letters/Cover_Letter_489.txt
Data Scientist,This is a generic job description for Data Scientist.,CVs/CV_490.txt,Cover_Letters/Cover_Letter_490.txt
HR Specialist,This is a generic job description for HR Specialist.,CVs/CV_491.txt,Cover_Letters/Cover_Letter_491.txt
Accountant,This is a generic job description for Accountant.,CVs/CV_492.txt,Cover_Letters/Cover_Letter_492.txt
Software Engineer,This is a generic job description for Software Engineer.,CVs/CV_493.txt,Cover_Letters/Cover_Letter_493.txt
Marketing Manager,This is a generic job description for Marketing Manager.,CVs/CV_494.txt,Cover_Letters/Cover_Letter_494.txt
Product Manager,This is a generic job description for Product Manager.,CVs/CV_495.txt,Cover_Letters/Cover_Letter_495.txt
Product Manager,This is a generic job description for Product Manager.,CVs/CV_496.txt,Cover_Letters/Cover_Letter_496.txt
Graphic Designer,This is a generic job description for Graphic Designer.,CVs/CV_497.txt,Cover_Letters/Cover_Letter_497.txt
Data Scientist,This is a generic job description for Data Scientist.,CVs/CV_498.txt,Cover_Letters/Cover_Letter_498.txt
Marketing Manager,This is a generic job description for Marketing Manager.,CVs/CV_499.txt,Cover_Letters/Cover_Letter_499.txt
Operations Manager,This is a generic job description for Operations Manager.,CVs/CV_500.txt,Cover_Letters/Cover_Letter_500.txt
Graphic Designer,This is a generic job description for Graphic Designer.,CVs/CV_501.txt,Cover_Letters/Cover_Letter_501.txt
Marketing Manager,This is a generic job description for Marketing Manager.,CVs/CV_502.txt,Cover_Letters/Cover_Letter_502.txt
Marketing Manager,This is a generic job description for Marketing Manager.,CVs/CV_503.txt,Cover_Letters/Cover_Letter_503.txt
Graphic Designer,This is a generic job description for Graphic Designer.,CVs/CV_504.txt,Cover_Letters/Cover_Letter_504.txt
Data Scientist,This is a generic job description for Data Scientist.,CVs/CV_505.txt,Cover_Letters/Cover_Letter_505.txt
Accountant,This is a generic job description for Accountant.,CVs/CV_506.txt,Cover_Letters/Cover_Letter_506.txt
Software Engineer,This is a generic job description for Software Engineer.,CVs/CV_507.txt,Cover_Letters/Cover_Letter_507.txt
Sales Executive,This is a generic job description for Sales Executive.,CVs/CV_508.txt,Cover_Letters/Cover_Letter_508.txt
Product Manager,This is a generic job description for Product Manager.,CVs/CV_509.txt,Cover_Letters/Cover_Letter_509.txt
HR Specialist,This is a generic job description for HR Specialist.,CVs/CV_510.txt,Cover_Letters/Cover_Letter_510.txt
Operations Manager,This is a generic job description for Operations Manager.,CVs/CV_511.txt,Cover_Letters/Cover_Letter_511.txt
Sales Executive,This is a generic job description for Sales Executive.,CVs/CV_512.txt,Cover_Letters/Cover_Letter_512.txt
Sales Executive,This is a generic job description for Sales Executive.,CVs/CV_513.txt,Cover_Letters/Cover_Letter_513.txt
Consultant,This is a generic job description for Consultant.,CVs/CV_514.txt,Cover_Letters/Cover_Letter_514.txt
Consultant,This is a generic job description for Consultant.,CVs/CV_515.txt,Cover_Letters/Cover_Letter_515.txt
Graphic Designer,This is a generic job description for Graphic Designer.,CVs/CV_516.txt,Cover_Letters/Cover_Letter_516.txt
Marketing Manager,This is a generic job description for Marketing Manager.,CVs/CV_517.txt,Cover_Letters/Cover_Letter_517.txt
Software Engineer,This is a generic job description for Software Engineer.,CVs/CV_518.txt,Cover_Letters/Cover_Letter_518.txt
Consultant,This is a generic job description for Consultant.,CVs/CV_519.txt,Cover_Letters/Cover_Letter_519.txt
Product Manager,This is a generic job description for Product Manager.,CVs/CV_520.txt,Cover_Letters/Cover_Letter_520.txt
Software Engineer,This is a generic job description for Software Engineer.,CVs/CV_521.txt,Cover_Letters/Cover_Letter_521.txt
Operations Manager,This is a generic job description for Operations Manager.,CVs/CV_522.txt,Cover_Letters/Cover_Letter_522.txt
Software Engineer,This is a generic job description for Software Engineer.,CVs/CV_523.txt,Cover_Letters/Cover_Letter_523.txt
Operations Manager,This is a generic job description for Operations Manager.,CVs/CV_524.txt,Cover_Letters/Cover_Letter_524.txt
Marketing Manager,This is a generic job description for Marketing Manager.,CVs/CV_525.txt,Cover_Letters/Cover_Letter_525.txt
Product Manager,This is a generic job description for Product Manager.,CVs/CV_526.txt,Cover_Letters/Cover_Letter_526.txt
HR Specialist,This is a generic job description for HR Specialist.,CVs/CV_527.txt,Cover_Letters/Cover_Letter_527.txt
Marketing Manager,This is a generic job description for Marketing Manager.,CVs/CV_528.txt,Cover_Letters/Cover_Letter_528.txt
Software Engineer,This is a generic job description for Software Engineer.,CVs/CV_529.txt,Cover_Letters/Cover_Letter_529.txt
Marketing Manager,This is a generic job description for Marketing Manager.,CVs/CV_530.txt,Cover_Letters/Cover_Letter_530.txt
Consultant,This is a generic job description for Consultant.,CVs/CV_531.txt,Cover_Letters/Cover_Letter_531.txt
Operations Manager,This is a generic job description for Operations Manager.,CVs/CV_532.txt,Cover_Letters/Cover_Letter_532.txt
Accountant,This is a generic job description for Accountant.,CVs/CV_533.txt,Cover_Letters/Cover_Letter_533.txt
Sales Executive,This is a generic job description for Sales Executive.,CVs/CV_534.txt,Cover_Letters/Cover_Letter_534.txt
Marketing Manager,This is a generic job description for Marketing Manager.,CVs/CV_535.txt,Cover_Letters/Cover_Letter_535.txt
HR Specialist,This is a generic job description for HR Specialist.,CVs/CV_536.txt,Cover_Letters/Cover_Letter_536.txt
HR Specialist,This is a generic job description for HR Specialist.,CVs/CV_537.txt,Cover_Letters/Cover_Letter_537.txt
Graphic Designer,This is a generic job description for Graphic Designer.,CVs/CV_538.txt,Cover_Letters/Cover_Letter_538.txt
Product Manager,This is a generic job description for Product Manager.,CVs/CV_539.txt,Cover_Letters/Cover_Letter_539.txt
Product Manager,This is a generic job description for Product Manager.,CVs/CV_540.txt,Cover_Letters/Cover_Letter_540.txt
Graphic Designer,This is a generic job description for Graphic Designer.,CVs/CV_541.txt,Cover_Letters/Cover_Letter_541.txt
Marketing Manager,This is a generic job description for Marketing Manager.,CVs/CV_542.txt,Cover_Letters/Cover_Letter_542.txt
Marketing Manager,This is a generic job description for Marketing Manager.,CVs/CV_543.txt,Cover_Letters/Cover_Letter_543.txt
Data Scientist,This is a generic job description for Data Scientist.,CVs/CV_544.txt,Cover_Letters/Cover_Letter_544.txt
Data Scientist,This is a generic job description for Data Scientist.,CVs/CV_545.txt,Cover_Letters/Cover_Letter_545.txt
HR Specialist,This is a generic job description for HR Specialist.,CVs/CV_546.txt,Cover_Letters/Cover_Letter_546.txt
Data Scientist,This is a generic job description for Data Scientist.,CVs/CV_547.txt,Cover_Letters/Cover_Letter_547.txt
Marketing Manager,This is a generic job description for Marketing Manager.,CVs/CV_548.txt,Cover_Letters/Cover_Letter_548.txt
Graphic Designer,This is a generic job description for Graphic Designer.,CVs/CV_549.txt,Cover_Letters/Cover_Letter_549.txt
Data Scientist,This is a generic job description for Data Scientist.,CVs/CV_550.txt,Cover_Letters/Cover_Letter_550.txt
Consultant,This is a generic job description for Consultant.,CVs/CV_551.txt,Cover_Letters/Cover_Letter_551.txt
Operations Manager,This is a generic job description for Operations Manager.,CVs/CV_552.txt,Cover_Letters/Cover_Letter_552.txt
Sales Executive,This is a generic job description for Sales Executive.,CVs/CV_553.txt,Cover_Letters/Cover_Letter_553.txt
Marketing Manager,This is a generic job description for Marketing Manager.,CVs/CV_554.txt,Cover_Letters/Cover_Letter_554.txt
Accountant,This is a generic job description for Accountant.,CVs/CV_555.txt,Cover_Letters/Cover_Letter_555.txt
Graphic Designer,This is a generic job description for Graphic Designer.,CVs/CV_556.txt,Cover_Letters/Cover_Letter_556.txt
Sales Executive,This is a generic job description for Sales Executive.,CVs/CV_557.txt,Cover_Letters/Cover_Letter_557.txt
Consultant,This is a generic job description for Consultant.,CVs/CV_558.txt,Cover_Letters/Cover_Letter_558.txt
Marketing Manager,This is a generic job description for Marketing Manager.,CVs/CV_559.txt,Cover_Letters/Cover_Letter_559.txt
Data Scientist,This is a generic job description for Data Scientist.,CVs/CV_560.txt,Cover_Letters/Cover_Letter_560.txt
Accountant,This is a generic job description for Accountant.,CVs/CV_561.txt,Cover_Letters/Cover_Letter_561.txt
Data Scientist,This is a generic job description for Data Scientist.,CVs/CV_562.txt,Cover_Letters/Cover_Letter_562.txt
HR Specialist,This is a generic job description for HR Specialist.,CVs/CV_563.txt,Cover_Letters/Cover_Letter_563.txt
Product Manager,This is a generic job description for Product Manager.,CVs/CV_564.txt,Cover_Letters/Cover_Letter_564.txt
Operations Manager,This is a generic job description for Operations Manager.,CVs/CV_565.txt,Cover_Letters/Cover_Letter_565.txt
Data Scientist,This is a generic job description for Data Scientist.,CVs/CV_566.txt,Cover_Letters/Cover_Letter_566.txt
Accountant,This is a generic job description for Accountant.,CVs/CV_567.txt,Cover_Letters/Cover_Letter_567.txt
HR Specialist,This is a generic job description for HR Specialist.,CVs/CV_568.txt,Cover_Letters/Cover_Letter_568.txt
HR Specialist,This is a generic job description for HR Specialist.,CVs/CV_569.txt,Cover_Letters/Cover_Letter_569.txt
Data Scientist,This is a generic job description for Data Scientist.,CVs/CV_570.txt,Cover_Letters/Cover_Letter_570.txt
Sales Executive,This is a generic job description for Sales Executive.,CVs/CV_571.txt,Cover_Letters/Cover_Letter_571.txt
Sales Executive,This is a generic job description for Sales Executive.,CVs/CV_572.txt,Cover_Letters/Cover_Letter_572.txt
Graphic Designer,This is a generic job description for Graphic Designer.,CVs/CV_573.txt,Cover_Letters/Cover_Letter_573.txt
Accountant,This is a generic job description for Accountant.,CVs/CV_574.txt,Cover_Letters/Cover_Letter_574.txt
Consultant,This is a generic job description for Consultant.,CVs/CV_575.txt,Cover_Letters/Cover_Letter_575.txt
Data Scientist,This is a generic job description for Data Scientist.,CVs/CV_576.txt,Cover_Letters/Cover_Letter_576.txt
Marketing Manager,This is a generic job description for Marketing Manager.,CVs/CV_577.txt,Cover_Letters/Cover_Letter_577.txt
Sales Executive,This is a generic job description for Sales Executive.,CVs/CV_578.txt,Cover_Letters/Cover_Letter_578.txt
Data Scientist,This is a generic job description for Data Scientist.,CVs/CV_579.txt,Cover_Letters/Cover_Letter_579.txt
HR Specialist,This is a generic job description for HR Specialist.,CVs/CV_580.txt,Cover_Letters/Cover_Letter_580.txt
Operations Manager,This is a generic job description for Operations Manager.,CVs/CV_581.txt,Cover_Letters/Cover_Letter_581.txt
Sales Executive,This is a generic job description for Sales Executive.,CVs/CV_582.txt,Cover_Letters/Cover_Letter_582.txt
Graphic Designer,This is a generic job description for Graphic Designer.,CVs/CV_583.txt,Cover_Letters/Cover_Letter_583.txt
Sales Executive,This is a generic job description for Sales Executive.,CVs/CV_584.txt,Cover_Letters/Cover_Letter_584.txt
Product Manager,This is a generic job description for Product Manager.,CVs/CV_585.txt,Cover_Letters/Cover_Letter_585.txt
Graphic Designer,This is a generic job description for Graphic Designer.,CVs/CV_586.txt,Cover_Letters/Cover_Letter_586.txt
Consultant,This is a generic job description for Consultant.,CVs/CV_587.txt,Cover_Letters/Cover_Letter_587.txt
Accountant,This is a generic job description for Accountant.,CVs/CV_588.txt,Cover_Letters/Cover_Letter_588.txt
Operations Manager,This is a generic job description for Operations Manager.,CVs/CV_589.txt,Cover_Letters/Cover_Letter_589.txt
Sales Executive,This is a generic job description for Sales Executive.,CVs/CV_590.txt,Cover_Letters/Cover_Letter_590.txt
Accountant,This is a generic job description for Accountant.,CVs/CV_591.txt,Cover_Letters/Cover_Letter_591.txt
Consultant,This is a generic job description for Consultant.,CVs/CV_592.txt,Cover_Letters/Cover_Letter_592.txt
Graphic Designer,This is a generic job description for Graphic Designer.,CVs/CV_593.txt,Cover_Letters/Cover_Letter_593.txt
Consultant,This is a generic job description for Consultant.,CVs/CV_594.txt,Cover_Letters/Cover_Letter_594.txt
Accountant,This is a generic job description for Accountant.,CVs/CV_595.txt,Cover_Letters/Cover_Letter_595.txt
HR Specialist,This is a generic job description for HR Specialist.,CVs/CV_596.txt,Cover_Letters/Cover_Letter_596.txt
Sales Executive,This is a generic job description for Sales Executive.,CVs/CV_597.txt,Cover_Letters/Cover_Letter_597.txt
Software Engineer,This is a generic job description for Software Engineer.,CVs/CV_598.txt,Cover_Letters/Cover_Letter_598.txt
Data Scientist,This is a generic job description for Data Scientist.,CVs/CV_599.txt,Cover_Letters/Cover_Letter_599.txt
Marketing Manager,This is a generic job description for Marketing Manager.,CVs/CV_600.txt,Cover_Letters/Cover_Letter_600.txt
